pair_id,prompt,candidate_a,candidate_b,preferred,identity_notes,action_notes,temporal_notes
pair-000,"TCROBOT, a consistent friendly geometric robot moving left to right in a clean studio, fixed identity",sample-artifact-not-published,sample-artifact-not-published,,,,
pair-001,"TCROBOT, a consistent friendly geometric robot moving left to right in a bright room, fixed identity",sample-artifact-not-published,sample-artifact-not-published,,,,
pair-002,"TCROBOT, a consistent friendly geometric robot moving left to right in a night street, fixed identity",sample-artifact-not-published,sample-artifact-not-published,,,,
pair-003,"TCROBOT, a consistent friendly geometric robot moving left to right in a green park, fixed identity",sample-artifact-not-published,sample-artifact-not-published,,,,
pair-004,"TCROBOT, a consistent friendly geometric robot moving left to right in a sunset stage, fixed identity",sample-artifact-not-published,sample-artifact-not-published,,,,
pair-005,"TCROBOT, a consistent friendly geometric robot waving one arm in a clean studio, fixed identity",sample-artifact-not-published,sample-artifact-not-published,,,,
pair-006,"TCROBOT, a consistent friendly geometric robot waving one arm in a bright room, fixed identity",sample-artifact-not-published,sample-artifact-not-published,,,,
pair-007,"TCROBOT, a consistent friendly geometric robot waving one arm in a night street, fixed identity",sample-artifact-not-published,sample-artifact-not-published,,,,
pair-008,"TCROBOT, a consistent friendly geometric robot waving one arm in a green park, fixed identity",sample-artifact-not-published,sample-artifact-not-published,,,,
pair-009,"TCROBOT, a consistent friendly geometric robot waving one arm in a sunset stage, fixed identity",sample-artifact-not-published,sample-artifact-not-published,,,,
pair-010,"TCROBOT, a consistent friendly geometric robot turning clockwise in a clean studio, fixed identity",sample-artifact-not-published,sample-artifact-not-published,,,,
pair-011,"TCROBOT, a consistent friendly geometric robot turning clockwise in a bright room, fixed identity",sample-artifact-not-published,sample-artifact-not-published,,,,
pair-012,"TCROBOT, a consistent friendly geometric robot turning clockwise in a night street, fixed identity",sample-artifact-not-published,sample-artifact-not-published,,,,
pair-013,"TCROBOT, a consistent friendly geometric robot turning clockwise in a green park, fixed identity",sample-artifact-not-published,sample-artifact-not-published,,,,
pair-014,"TCROBOT, a consistent friendly geometric robot turning clockwise in a sunset stage, fixed identity",sample-artifact-not-published,sample-artifact-not-published,,,,
pair-015,"TCROBOT, a consistent friendly geometric robot sitting down in a clean studio, fixed identity",sample-artifact-not-published,sample-artifact-not-published,,,,
pair-016,"TCROBOT, a consistent friendly geometric robot sitting down in a bright room, fixed identity",sample-artifact-not-published,sample-artifact-not-published,,,,
pair-017,"TCROBOT, a consistent friendly geometric robot sitting down in a night street, fixed identity",sample-artifact-not-published,sample-artifact-not-published,,,,
pair-018,"TCROBOT, a consistent friendly geometric robot sitting down in a green park, fixed identity",sample-artifact-not-published,sample-artifact-not-published,,,,
pair-019,"TCROBOT, a consistent friendly geometric robot sitting down in a sunset stage, fixed identity",sample-artifact-not-published,sample-artifact-not-published,,,,
pair-020,"TCROBOT, a consistent friendly geometric robot picking up a red cube in a clean studio, fixed identity",sample-artifact-not-published,sample-artifact-not-published,,,,
pair-021,"TCROBOT, a consistent friendly geometric robot picking up a red cube in a bright room, fixed identity",sample-artifact-not-published,sample-artifact-not-published,,,,
pair-022,"TCROBOT, a consistent friendly geometric robot picking up a red cube in a night street, fixed identity",sample-artifact-not-published,sample-artifact-not-published,,,,
pair-023,"TCROBOT, a consistent friendly geometric robot picking up a red cube in a green park, fixed identity",sample-artifact-not-published,sample-artifact-not-published,,,,
pair-024,"TCROBOT, a consistent friendly geometric robot picking up a red cube in a sunset stage, fixed identity",sample-artifact-not-published,sample-artifact-not-published,,,,
pair-025,"TCROBOT, a consistent friendly circle robot moving left to right with a slow camera pan, fixed identity",sample-artifact-not-published,sample-artifact-not-published,,,,
pair-026,"TCROBOT, a consistent friendly circle robot waving one arm with a slow camera pan, fixed identity",sample-artifact-not-published,sample-artifact-not-published,,,,
pair-027,"TCROBOT, a consistent friendly circle robot turning clockwise with a slow camera pan, fixed identity",sample-artifact-not-published,sample-artifact-not-published,,,,
pair-028,"TCROBOT, a consistent friendly circle robot sitting down with a slow camera pan, fixed identity",sample-artifact-not-published,sample-artifact-not-published,,,,
pair-029,"TCROBOT, a consistent friendly circle robot picking up a red cube with a slow camera pan, fixed identity",sample-artifact-not-published,sample-artifact-not-published,,,,
pair-030,"TCROBOT, a consistent friendly square robot moving left to right under difficult moving light, fixed identity",sample-artifact-not-published,sample-artifact-not-published,,,,
pair-031,"TCROBOT, a consistent friendly square robot waving one arm under difficult moving light, fixed identity",sample-artifact-not-published,sample-artifact-not-published,,,,
pair-032,"TCROBOT, a consistent friendly square robot turning clockwise under difficult moving light, fixed identity",sample-artifact-not-published,sample-artifact-not-published,,,,
pair-033,"TCROBOT, a consistent friendly square robot sitting down under difficult moving light, fixed identity",sample-artifact-not-published,sample-artifact-not-published,,,,
pair-034,"TCROBOT, a consistent friendly square robot picking up a red cube under difficult moving light, fixed identity",sample-artifact-not-published,sample-artifact-not-published,,,,
pair-035,"TCROBOT, a consistent friendly triangular robot moving left to right with an unseen accessory, fixed identity",sample-artifact-not-published,sample-artifact-not-published,,,,
pair-036,"TCROBOT, a consistent friendly triangular robot waving one arm with an unseen accessory, fixed identity",sample-artifact-not-published,sample-artifact-not-published,,,,
pair-037,"TCROBOT, a consistent friendly triangular robot turning clockwise with an unseen accessory, fixed identity",sample-artifact-not-published,sample-artifact-not-published,,,,
pair-038,"TCROBOT, a consistent friendly triangular robot sitting down with an unseen accessory, fixed identity",sample-artifact-not-published,sample-artifact-not-published,,,,
pair-039,"TCROBOT, a consistent friendly triangular robot picking up a red cube with an unseen accessory, fixed identity",sample-artifact-not-published,sample-artifact-not-published,,,,
pair-040,"TCROBOT, a consistent friendly geometric robot moving left to right against an unseen abstract background, fixed identity",sample-artifact-not-published,sample-artifact-not-published,,,,
pair-041,"TCROBOT, a consistent friendly geometric robot waving one arm against an unseen abstract background, fixed identity",sample-artifact-not-published,sample-artifact-not-published,,,,
pair-042,"TCROBOT, a consistent friendly geometric robot turning clockwise against an unseen abstract background, fixed identity",sample-artifact-not-published,sample-artifact-not-published,,,,
pair-043,"TCROBOT, a consistent friendly geometric robot sitting down against an unseen abstract background, fixed identity",sample-artifact-not-published,sample-artifact-not-published,,,,
pair-044,"TCROBOT, a consistent friendly geometric robot picking up a red cube against an unseen abstract background, fixed identity",sample-artifact-not-published,sample-artifact-not-published,,,,
pair-045,"TCROBOT, a consistent friendly circle robot moving left to right while the camera slowly orbits, fixed identity",sample-artifact-not-published,sample-artifact-not-published,,,,
pair-046,"TCROBOT, a consistent friendly circle robot waving one arm while the camera slowly orbits, fixed identity",sample-artifact-not-published,sample-artifact-not-published,,,,
pair-047,"TCROBOT, a consistent friendly circle robot turning clockwise while the camera slowly orbits, fixed identity",sample-artifact-not-published,sample-artifact-not-published,,,,
pair-048,"TCROBOT, a consistent friendly circle robot sitting down while the camera slowly orbits, fixed identity",sample-artifact-not-published,sample-artifact-not-published,,,,
pair-049,"TCROBOT, a consistent friendly circle robot picking up a red cube while the camera slowly orbits, fixed identity",sample-artifact-not-published,sample-artifact-not-published,,,,
