phase,step,prompt_index,prompt,file,sha256,frames_sampled,identity_dino_cosine,temporal_dino_cosine,prompt_action_clip_cosine,optical_warp_mae,brightness_drift
baseline,0,0,"TCROBOT, a consistent friendly geometric robot moving left to right in a clean studio, fixed identity",sample-artifact-not-published,50aa5d28bfe0ea321fee7d8f7829de6616f6e69a39c8b707b2abb39854feacb3,5,0.36074283719062805,0.9786001443862915,0.2350347489118576,0.12295150756835938,0.05419921875
baseline,0,1,"TCROBOT, a consistent friendly geometric robot moving left to right in a bright room, fixed identity",sample-artifact-not-published,d5a7bff8ba6f1d6ae4bbbb21513dc59449510c6cfe4f050ddccd3e75a9eb5c74,5,0.3438003361225128,0.9791332483291626,0.222295880317688,0.06447601318359375,0.0347442626953125
baseline,0,2,"TCROBOT, a consistent friendly geometric robot moving left to right in a night street, fixed identity",sample-artifact-not-published,b4931e1ffbf5085438f178e19a24504b4bccf9fab6ab2f92604c2da0c8a58482,5,0.3209784924983978,0.9425522089004517,0.22863724827766418,1.514617919921875,0.3630867004394531
baseline,0,3,"TCROBOT, a consistent friendly geometric robot moving left to right in a green park, fixed identity",sample-artifact-not-published,481a75539f444a30c926e8aeec8f0b55d60890b220e9fb9f6d24dbf1417dff10,5,0.16662517189979553,0.9516683220863342,0.2671385705471039,22.285202026367188,0.6042976379394531
baseline,0,4,"TCROBOT, a consistent friendly geometric robot moving left to right in a sunset stage, fixed identity",sample-artifact-not-published,c5616eec925f7639e1faa89bbf7713cbd0d7288e37977cb66211cf3556567f94,5,0.42093583941459656,0.9956508278846741,0.2392124980688095,0.14668655395507812,0.08449172973632812
baseline,0,5,"TCROBOT, a consistent friendly geometric robot waving one arm in a clean studio, fixed identity",sample-artifact-not-published,86adb6fc3069e0d0c8a4066dae01b95aa6e107b8bba221eb12ce6e9698af4467,5,0.3618760108947754,0.9975154995918274,0.23121343553066254,0.030597686767578125,0.0124969482421875
baseline,0,6,"TCROBOT, a consistent friendly geometric robot waving one arm in a bright room, fixed identity",sample-artifact-not-published,08f99410dbe70eb932123c2fdd72e010f9a4c9426884147d46182e7857375cae,5,0.3613723814487457,0.9790027737617493,0.2262021154165268,0.054805755615234375,0.042095184326171875
baseline,0,7,"TCROBOT, a consistent friendly geometric robot waving one arm in a night street, fixed identity",sample-artifact-not-published,c4c11dd15952848e7cdba69b886bd0cb2a652a34854e4d396d25daa762da1a6b,5,0.195293590426445,0.9069598913192749,0.23231063783168793,5.5527801513671875,0.3325958251953125
baseline,0,8,"TCROBOT, a consistent friendly geometric robot waving one arm in a green park, fixed identity",sample-artifact-not-published,eebb458b72f6abfbacc0509bcc608fb8ffeb301a4a8e44d067a8da24fb351375,5,0.07953373342752457,0.9217866659164429,0.23386143147945404,31.50094985961914,0.7975578308105469
baseline,0,9,"TCROBOT, a consistent friendly geometric robot waving one arm in a sunset stage, fixed identity",sample-artifact-not-published,f043067e3af4cef073cb9d392d29279b71d3b59a23252290af040333bfb6a2dc,5,0.25890812277793884,0.9790443778038025,0.19492818415164948,0.16081619262695312,0.061855316162109375
baseline,0,10,"TCROBOT, a consistent friendly geometric robot turning clockwise in a clean studio, fixed identity",sample-artifact-not-published,8f617990887643ab8abfd91bc3596c8e28249981d8fd0768892424c6ad139fdf,5,0.3467113971710205,0.9757181406021118,0.2238677591085434,0.061187744140625,0.0331878662109375
baseline,0,11,"TCROBOT, a consistent friendly geometric robot turning clockwise in a bright room, fixed identity",sample-artifact-not-published,a2f0d15ecdd9a0f368f9be60bd15d9ad751f5c8a105593d7d209666ae1f288b6,5,0.3493989408016205,0.9969613552093506,0.21717508137226105,0.06837081909179688,0.03414154052734375
baseline,0,12,"TCROBOT, a consistent friendly geometric robot turning clockwise in a night street, fixed identity",sample-artifact-not-published,2e2ea949eacbc03f34e18a99f9744c8ab63854443ec090b47d90716fe2833417,5,0.2478512078523636,0.9442927837371826,0.21991394460201263,4.305736541748047,0.16668701171875
baseline,0,13,"TCROBOT, a consistent friendly geometric robot turning clockwise in a green park, fixed identity",sample-artifact-not-published,632721124c1b4a52c5bc5ad47389f1dd3240cc819da8b1e74c1f84c0dc28729d,5,0.144384503364563,0.9293618202209473,0.2177809327840805,21.00628662109375,0.7479209899902344
baseline,0,14,"TCROBOT, a consistent friendly geometric robot turning clockwise in a sunset stage, fixed identity",sample-artifact-not-published,53b0007feb3e431574072fb0fa0c4ce5075961e04ff1498d4d2c4986a3481048,5,0.32598134875297546,0.993738055229187,0.20707838237285614,0.04036712646484375,0.01680755615234375
baseline,0,15,"TCROBOT, a consistent friendly geometric robot sitting down in a clean studio, fixed identity",sample-artifact-not-published,d40cfdfea47c53acdbb0b8ce9ae11fd154592d6cdfaedb9f55021abf019c9cbf,5,0.4020789563655853,0.9660345315933228,0.22862596809864044,0.05414581298828125,0.01912689208984375
baseline,0,16,"TCROBOT, a consistent friendly geometric robot sitting down in a bright room, fixed identity",sample-artifact-not-published,c3c2bce6ab1e329b2607a66304217834fa49dba900e1341c437e4e450030881f,5,0.334236741065979,0.994074821472168,0.22064390778541565,0.09653472900390625,0.018497467041015625
baseline,0,17,"TCROBOT, a consistent friendly geometric robot sitting down in a night street, fixed identity",sample-artifact-not-published,c398c9ea61c712d5eaac42ec03a84a14aba1cd61b462f9282a655c0422a856ca,5,0.1389721930027008,0.9838070869445801,0.2508171498775482,2.537029266357422,0.08686065673828125
baseline,0,18,"TCROBOT, a consistent friendly geometric robot sitting down in a green park, fixed identity",sample-artifact-not-published,11ae2ceec32e56b9bb47331c43a488f4d08096f65731d5d055d34092f64fc7ca,5,0.07097959518432617,0.980286717414856,0.2951432168483734,15.470752716064453,0.4139862060546875
baseline,0,19,"TCROBOT, a consistent friendly geometric robot sitting down in a sunset stage, fixed identity",sample-artifact-not-published,a5e419a7edb55232ed358903fe8ab635e98d83c4cb360f41b852d16aa2790f87,5,0.31894174218177795,0.9981591701507568,0.210710808634758,0.08233642578125,0.01844024658203125
baseline,0,20,"TCROBOT, a consistent friendly geometric robot picking up a red cube in a clean studio, fixed identity",sample-artifact-not-published,cf7076998a0e347612c836ab1caaf86c140792f3400904a3d02fd4dec62235c9,5,0.3707903027534485,0.9743748903274536,0.21689429879188538,0.10198974609375,0.022663116455078125
baseline,0,21,"TCROBOT, a consistent friendly geometric robot picking up a red cube in a bright room, fixed identity",sample-artifact-not-published,4342b8292f9687468b3ff012d4cf8f64d5c276c0eb964d4666a2999847582062,5,0.2444622963666916,0.8780174851417542,0.27126526832580566,2.7468910217285156,0.465850830078125
baseline,0,22,"TCROBOT, a consistent friendly geometric robot picking up a red cube in a night street, fixed identity",sample-artifact-not-published,9844dfd5bcad5b75cc56376d5fa45e19009a074b2383892a51668b601fc20270,5,0.23619580268859863,0.9817845225334167,0.26204368472099304,2.87615966796875,0.3370246887207031
baseline,0,23,"TCROBOT, a consistent friendly geometric robot picking up a red cube in a green park, fixed identity",sample-artifact-not-published,2245d47ba0a5b8280be2c6428efa8ed4f3bd27283fd858b718a96a2a5e7d326d,5,0.2341098040342331,0.9636046886444092,0.2631494998931885,5.6265869140625,0.22437667846679688
baseline,0,24,"TCROBOT, a consistent friendly geometric robot picking up a red cube in a sunset stage, fixed identity",sample-artifact-not-published,d18f1d781103d2a883a9b892b8529d6eaab051696dd3944d031db45ac153282c,5,0.2819318175315857,0.9847449660301208,0.2429335117340088,0.13010406494140625,0.023082733154296875
baseline,0,25,"TCROBOT, a consistent friendly circle robot moving left to right with a slow camera pan, fixed identity",sample-artifact-not-published,fadbff486e8882938c9e0a64c3e4b66829426c1c4252e738ff9980b1ad53d2f8,5,0.5518743395805359,0.997437059879303,0.2384227067232132,0.138671875,0.09732818603515625
baseline,0,26,"TCROBOT, a consistent friendly circle robot waving one arm with a slow camera pan, fixed identity",sample-artifact-not-published,5cb30b94ddca0f1df7b49797d8264ffc67b3ed763c901402be3acf106d5129d3,5,0.4958588778972626,0.9930561780929565,0.23411965370178223,0.25560760498046875,0.1657257080078125
baseline,0,27,"TCROBOT, a consistent friendly circle robot turning clockwise with a slow camera pan, fixed identity",sample-artifact-not-published,34f2d6158a176d99c868efc11c70149317ed36f3c6f482eb819ea0da15a575d4,5,0.21763086318969727,0.9882371425628662,0.2650134861469269,3.2766494750976562,0.1691436767578125
baseline,0,28,"TCROBOT, a consistent friendly circle robot sitting down with a slow camera pan, fixed identity",sample-artifact-not-published,eb393f56068cd5c19575b2b897194dc3bc77c09f11fdca102aabae946325023b,5,0.29775258898735046,0.9890239238739014,0.2005169689655304,0.207916259765625,0.0350799560546875
baseline,0,29,"TCROBOT, a consistent friendly circle robot picking up a red cube with a slow camera pan, fixed identity",sample-artifact-not-published,005e8c296d2f226b2ab7377cd3c60a77110009c7e0e56e993c212306a5355014,5,0.29976773262023926,0.9961671233177185,0.233544260263443,0.25308990478515625,0.106964111328125
baseline,0,30,"TCROBOT, a consistent friendly square robot moving left to right under difficult moving light, fixed identity",sample-artifact-not-published,55a18a2f46d55e7069170b68894baa53b5359bfc89de8f923150026b95dd4d5d,5,0.2526783049106598,0.9383329153060913,0.2086520493030548,26.563766479492188,2.671428680419922
baseline,0,31,"TCROBOT, a consistent friendly square robot waving one arm under difficult moving light, fixed identity",sample-artifact-not-published,306aa8d8b9a24381388a95e2ae0a0865948c2b7cec69d1f0212969539cae50fc,5,0.22207318246364594,0.9771324396133423,0.2007380574941635,43.318904876708984,2.4033546447753906
baseline,0,32,"TCROBOT, a consistent friendly square robot turning clockwise under difficult moving light, fixed identity",sample-artifact-not-published,79a8be1d6b419ce4c945f996e318d99a88b731adb458ef145513477afe3c9067,5,0.18288342654705048,0.9106276035308838,0.26198169589042664,21.41265869140625,2.0725479125976562
baseline,0,33,"TCROBOT, a consistent friendly square robot sitting down under difficult moving light, fixed identity",sample-artifact-not-published,000a9af10b37db3b986a5cdfe6da5e54884ed6fae76304e9c22cf1e97257a2b4,5,0.33312854170799255,0.9967761039733887,0.2256501168012619,0.2547645568847656,0.04402923583984375
baseline,0,34,"TCROBOT, a consistent friendly square robot picking up a red cube under difficult moving light, fixed identity",sample-artifact-not-published,e0b2f03b4b618e273a2735bd19c984da1b80561763d91e58243a82e60a264950,5,0.18197529017925262,0.7637301683425903,0.23849868774414062,11.863285064697266,2.161182403564453
baseline,0,35,"TCROBOT, a consistent friendly triangular robot moving left to right with an unseen accessory, fixed identity",sample-artifact-not-published,0d1252bc06260c83b029f27c2aa9a3ddc711faa872a1fec53c344d80cbf43a40,5,0.49331218004226685,0.9986577033996582,0.20669689774513245,0.17913818359375,0.02657318115234375
baseline,0,36,"TCROBOT, a consistent friendly triangular robot waving one arm with an unseen accessory, fixed identity",sample-artifact-not-published,480bf57afa689bf68a45e80ca0d3a5c0c4d55807e15fc037faeef84d6c79d5a3,5,0.4299367070198059,0.9641402959823608,0.20148704946041107,0.2783470153808594,0.08178329467773438
baseline,0,37,"TCROBOT, a consistent friendly triangular robot turning clockwise with an unseen accessory, fixed identity",sample-artifact-not-published,88803c1ce42260cce0fc39dd1ec39e2e0a1a347f79ccf63f3d1f22496ea3c52c,5,0.44117066264152527,0.9899482727050781,0.1833716481924057,0.3516654968261719,0.2609901428222656
baseline,0,38,"TCROBOT, a consistent friendly triangular robot sitting down with an unseen accessory, fixed identity",sample-artifact-not-published,aec242b63dfcf2fe7b3842dc38d07d2892101e520073e8b47834f3111ff77600,5,0.43096551299095154,0.9983081817626953,0.21474413573741913,0.22612380981445312,0.018016815185546875
baseline,0,39,"TCROBOT, a consistent friendly triangular robot picking up a red cube with an unseen accessory, fixed identity",sample-artifact-not-published,390dcb14daa0d6bc90934546d4c7716c5b4c6942f434e33eb7a037a6645a9490,5,0.36924973130226135,0.932239830493927,0.20578418672084808,1.57061767578125,0.4178504943847656
baseline,0,40,"TCROBOT, a consistent friendly geometric robot moving left to right against an unseen abstract background, fixed identity",sample-artifact-not-published,c42aa280e84b21ee290ea88fb417e19f0dfd2cf67fac40595e5f63d989fe9be6,5,0.5445826649665833,0.8457269072532654,0.22708430886268616,2.5358543395996094,2.287353515625
baseline,0,41,"TCROBOT, a consistent friendly geometric robot waving one arm against an unseen abstract background, fixed identity",sample-artifact-not-published,cd61964215af353114940e1bb5e6158b7620a5d97bd217b14a35e127bb5a25c5,5,0.2428853064775467,0.9983587265014648,0.21376235783100128,0.6360054016113281,0.18934249877929688
baseline,0,42,"TCROBOT, a consistent friendly geometric robot turning clockwise against an unseen abstract background, fixed identity",sample-artifact-not-published,3d9ef19410afd0edaeb6318d94545d1af9b72f29a159dabeba4299d63cc99276,5,0.40254345536231995,0.986488938331604,0.20906785130500793,0.3976402282714844,0.08718109130859375
baseline,0,43,"TCROBOT, a consistent friendly geometric robot sitting down against an unseen abstract background, fixed identity",sample-artifact-not-published,ac77befa302eac771f7d6e54e5840f777180e318520dd583c23c2f0155014180,5,0.33662149310112,0.9990776777267456,0.2269672155380249,0.20607376098632812,0.022487640380859375
baseline,0,44,"TCROBOT, a consistent friendly geometric robot picking up a red cube against an unseen abstract background, fixed identity",sample-artifact-not-published,ee24d4525618d88f83988a224babc6dc4770de4e24ad4f0394b4db40d46c7d81,5,0.33885201811790466,0.9984325170516968,0.26816534996032715,0.21285629272460938,0.05884552001953125
baseline,0,45,"TCROBOT, a consistent friendly circle robot moving left to right while the camera slowly orbits, fixed identity",sample-artifact-not-published,3dc4fc8093cdd1af7ae6750ecc2493d584bd07a97042b36f7d22e8574dd89b60,5,0.2284688800573349,0.9663062691688538,0.23115301132202148,15.133270263671875,1.282958984375
baseline,0,46,"TCROBOT, a consistent friendly circle robot waving one arm while the camera slowly orbits, fixed identity",sample-artifact-not-published,bf4240900d8232460369b2b62a2a1253326c220ed69f83cdbd81f8f487b11c7c,5,0.16527791321277618,0.9843700528144836,0.27083975076675415,6.855449676513672,0.6101951599121094
baseline,0,47,"TCROBOT, a consistent friendly circle robot turning clockwise while the camera slowly orbits, fixed identity",sample-artifact-not-published,ce764151efd46e558b4a82330af3e11d7014dbcad65d33cbe87a9d31a07554f5,5,0.16100244224071503,0.9125379323959351,0.2652324140071869,28.149765014648438,0.8039932250976562
baseline,0,48,"TCROBOT, a consistent friendly circle robot sitting down while the camera slowly orbits, fixed identity",sample-artifact-not-published,1a270e3a8dad035a48e7095acc26455288d40df0e5c180e53353d1e8c946b351,5,0.1636151522397995,0.9971380233764648,0.2732989490032196,1.7766456604003906,0.10639572143554688
baseline,0,49,"TCROBOT, a consistent friendly circle robot picking up a red cube while the camera slowly orbits, fixed identity",sample-artifact-not-published,3717c29b44ed1b909a46516b40e51abab472f1d92d1e9c5a5ae55b31476fc1cf,5,0.1791171431541443,0.9560949206352234,0.28655004501342773,4.215274810791016,0.16310501098632812
posttrain,120,0,"TCROBOT, a consistent friendly geometric robot moving left to right in a clean studio, fixed identity",sample-artifact-not-published,ab5377362da4c9da6b3fbfc9775abbe0d433f5fcd8f422be2b6977e1070a8251,5,0.22862842679023743,0.8475172519683838,0.2216005176305771,4.517341613769531,1.1011505126953125
posttrain,120,1,"TCROBOT, a consistent friendly geometric robot moving left to right in a bright room, fixed identity",sample-artifact-not-published,4f647d8c9c78a977609ed84b3ef236ddf4c44a962d686b26883f932c094d90ef,5,0.2726740539073944,0.845610499382019,0.23788778483867645,4.81787109375,0.9454345703125
posttrain,120,2,"TCROBOT, a consistent friendly geometric robot moving left to right in a night street, fixed identity",sample-artifact-not-published,9eaac9cf6f9c5fcec769eeda363cc2f23050d990af66cfadda8aaefec134f0c5,5,0.3614417314529419,0.8064401149749756,0.2485489398241043,2.6486167907714844,0.2080230712890625
posttrain,120,3,"TCROBOT, a consistent friendly geometric robot moving left to right in a green park, fixed identity",sample-artifact-not-published,13805ff1d5b1997623c46fb2b9cf8de3aed53fa78ff9be6d8a7baadef61d7af7,5,0.4493628442287445,0.9543462991714478,0.2682262659072876,7.697628021240234,0.14624404907226562
posttrain,120,4,"TCROBOT, a consistent friendly geometric robot moving left to right in a sunset stage, fixed identity",sample-artifact-not-published,94545f38fc660875a66b7b4575ef67a1eea7da262aa37a0a026befbd9d49924e,5,0.40264949202537537,0.858482301235199,0.26113125681877136,2.1998519897460938,0.3816566467285156
posttrain,120,5,"TCROBOT, a consistent friendly geometric robot waving one arm in a clean studio, fixed identity",sample-artifact-not-published,273812324110c727a9a4a37d3ef950b8e1b53de643822a987d3eb48d2c6c2fa9,5,0.21730084717273712,0.7862780690193176,0.28125202655792236,11.415958404541016,1.43194580078125
posttrain,120,6,"TCROBOT, a consistent friendly geometric robot waving one arm in a bright room, fixed identity",sample-artifact-not-published,36ff9aaab7bdb6b2556fc45feba66f8db73919bbd30ed5c56d1a9400b7ab4bf9,5,0.2233290672302246,0.9017260074615479,0.27007633447647095,14.13766098022461,0.8355560302734375
posttrain,120,7,"TCROBOT, a consistent friendly geometric robot waving one arm in a night street, fixed identity",sample-artifact-not-published,edd7293cbc7826e0a590dada6271f69cb2f3d45899cfb770e1b215ba51b35da2,5,0.2967563569545746,0.8984241485595703,0.2553040385246277,7.043270111083984,0.4259147644042969
posttrain,120,8,"TCROBOT, a consistent friendly geometric robot waving one arm in a green park, fixed identity",sample-artifact-not-published,88b04db9b9e9ddf9ac88ddff974dc111cd6e9eb7ae66f1d7e04be14848113219,5,0.23213668167591095,0.9115009307861328,0.27105727791786194,12.642532348632812,0.213775634765625
posttrain,120,9,"TCROBOT, a consistent friendly geometric robot waving one arm in a sunset stage, fixed identity",sample-artifact-not-published,f541e736e594996cf25e790a40a3567e3c7bae8c838d261c0e517ecb8e8817c9,5,0.3019629716873169,0.9338117837905884,0.2285076230764389,2.9682464599609375,0.28557586669921875
posttrain,120,10,"TCROBOT, a consistent friendly geometric robot turning clockwise in a clean studio, fixed identity",sample-artifact-not-published,59232274f9b20b4a4b36cede6494f7db9e0d0d754a976fe101c21f0e197f7b4b,5,0.22493012249469757,0.7634807825088501,0.18872861564159393,7.281257629394531,1.3461112976074219
posttrain,120,11,"TCROBOT, a consistent friendly geometric robot turning clockwise in a bright room, fixed identity",sample-artifact-not-published,66e422460a4130d13e178457f30864c68d07d2e8c343ed0bd608dd375484f403,5,0.1880854219198227,0.800869882106781,0.26130297780036926,8.646141052246094,1.775146484375
posttrain,120,12,"TCROBOT, a consistent friendly geometric robot turning clockwise in a night street, fixed identity",sample-artifact-not-published,6263f456d56e3388d65a35adf2f1345c9517d7aec3f8876eddf2391515872948,5,0.18723078072071075,0.9323602914810181,0.2489982694387436,7.153240203857422,0.741851806640625
posttrain,120,13,"TCROBOT, a consistent friendly geometric robot turning clockwise in a green park, fixed identity",sample-artifact-not-published,50e5cd3fbf1ac86f14e831598fb97e5b222eabe801678fee31cd6578c18c58b8,5,0.35632970929145813,0.9450169801712036,0.24621331691741943,9.479019165039062,0.32818603515625
posttrain,120,14,"TCROBOT, a consistent friendly geometric robot turning clockwise in a sunset stage, fixed identity",sample-artifact-not-published,9c3063e57f806022263410bd843a6bc4f18f686200f417b5c55a066ca64aea7e,5,0.3777163028717041,0.8254350423812866,0.20746730268001556,1.97900390625,0.10285568237304688
posttrain,120,15,"TCROBOT, a consistent friendly geometric robot sitting down in a clean studio, fixed identity",sample-artifact-not-published,543ab32ffb0029594303d00f3ef489df9a8ad56fb7d85a7e9dd6f12b40fb7cc5,5,0.16974331438541412,0.9993793964385986,0.2486073076725006,0.0590362548828125,0.010227203369140625
posttrain,120,16,"TCROBOT, a consistent friendly geometric robot sitting down in a bright room, fixed identity",sample-artifact-not-published,1fabd5a7ca045551f56cbf2d04e6027b49d336bc5e3623eeb994526397584598,5,0.18963752686977386,0.9968198537826538,0.2848917245864868,0.13698577880859375,0.010021209716796875
posttrain,120,17,"TCROBOT, a consistent friendly geometric robot sitting down in a night street, fixed identity",sample-artifact-not-published,0f9d614fa834099c56794a98612e464d3b9b77522d309180f81931deee1c8118,5,0.21595096588134766,0.9873944520950317,0.24746210873126984,2.1572647094726562,0.09260177612304688
posttrain,120,18,"TCROBOT, a consistent friendly geometric robot sitting down in a green park, fixed identity",sample-artifact-not-published,37b729cd5645a88f0fdbbecdc4cfb8d6b3d67025c217925329fbfd79933e3a13,5,0.15387223660945892,0.9829114675521851,0.2911853492259979,11.454288482666016,0.4336662292480469
posttrain,120,19,"TCROBOT, a consistent friendly geometric robot sitting down in a sunset stage, fixed identity",sample-artifact-not-published,9745593f32bf050e4cba42fd6461700318622669eb6352d27603f816e07d8277,5,0.27764812111854553,0.9697698950767517,0.21014204621315002,1.2157020568847656,0.07197189331054688
posttrain,120,20,"TCROBOT, a consistent friendly geometric robot picking up a red cube in a clean studio, fixed identity",sample-artifact-not-published,04371a3cb1b412e9e6469ce8d06d9a5ad82f6b625d79b94b25de6a2e60cb7c7b,5,0.17925463616847992,0.9037442207336426,0.26427826285362244,11.410514831542969,0.8962593078613281
posttrain,120,21,"TCROBOT, a consistent friendly geometric robot picking up a red cube in a bright room, fixed identity",sample-artifact-not-published,4507be1bbe7e7e6b15fdc3dedc32f0c68bdc2f2621dc6084b36360ad8d44737f,5,0.2458101361989975,0.7964181303977966,0.2833751440048218,13.91351318359375,0.3571510314941406
posttrain,120,22,"TCROBOT, a consistent friendly geometric robot picking up a red cube in a night street, fixed identity",sample-artifact-not-published,15e2cfdd59c5003ffc80ed2255253667dce90f7ad86ef2416a0b4113785de7cd,5,0.33213695883750916,0.9566559195518494,0.27412793040275574,2.7252426147460938,0.19381332397460938
posttrain,120,23,"TCROBOT, a consistent friendly geometric robot picking up a red cube in a green park, fixed identity",sample-artifact-not-published,f0e2d5bfb5e3e5e3f3e6b2c0cb99b9db39499430498d5414f3253a754af6d920,5,0.37562403082847595,0.7900434136390686,0.2930524945259094,8.907394409179688,0.5598869323730469
posttrain,120,24,"TCROBOT, a consistent friendly geometric robot picking up a red cube in a sunset stage, fixed identity",sample-artifact-not-published,f8f6c2346935c2ef09d5a395ecb00784e8981028d5530af54af06765a4b5eaba,5,0.34190019965171814,0.8657465577125549,0.2949499785900116,1.3665962219238281,0.1487884521484375
posttrain,120,25,"TCROBOT, a consistent friendly circle robot moving left to right with a slow camera pan, fixed identity",sample-artifact-not-published,be9afa6630edb1b09f34b15482df37e16740d5537ba9bf8e71c9e851f1c35db0,5,0.41368183493614197,0.7290862798690796,0.24798710644245148,1.650421142578125,0.24238204956054688
posttrain,120,26,"TCROBOT, a consistent friendly circle robot waving one arm with a slow camera pan, fixed identity",sample-artifact-not-published,b4cfb609408eaa6b779a4a4dd57efe5216122786807f385ec1b024ac95074cd9,5,0.2763333022594452,0.9349424839019775,0.2996334135532379,3.0492935180664062,0.4233665466308594
posttrain,120,27,"TCROBOT, a consistent friendly circle robot turning clockwise with a slow camera pan, fixed identity",sample-artifact-not-published,748c8792cb75678b8fee294be7044e4f155972aa505295051e78da50572fae3a,5,0.2060137242078781,0.8773839473724365,0.2863684892654419,5.275279998779297,0.29450225830078125
posttrain,120,28,"TCROBOT, a consistent friendly circle robot sitting down with a slow camera pan, fixed identity",sample-artifact-not-published,4888fff38c89d4556c3983da4ec170fe7ab3ef2d356324dba8bd2c31465d77be,5,0.18321695923805237,0.9839037656784058,0.296640545129776,0.3465690612792969,0.03826904296875
posttrain,120,29,"TCROBOT, a consistent friendly circle robot picking up a red cube with a slow camera pan, fixed identity",sample-artifact-not-published,dddca151132239fd2b6db6dc824e6e20a00a6d56719e625088fed2b12b10e7fa,5,0.38267889618873596,0.8728914260864258,0.27856290340423584,3.431751251220703,0.22954559326171875
posttrain,120,30,"TCROBOT, a consistent friendly square robot moving left to right under difficult moving light, fixed identity",sample-artifact-not-published,b76900718b91954e851f7ebed69b3cab42bc15ded652605d2348f42983a0c238,5,0.25829800963401794,0.9249406456947327,0.22830820083618164,16.960250854492188,1.8231735229492188
posttrain,120,31,"TCROBOT, a consistent friendly square robot waving one arm under difficult moving light, fixed identity",sample-artifact-not-published,afc28391fd85d10fa3c97afc2b1eaec2ab127e4d8d12d4dbf6c9883443ee147c,5,0.2033122032880783,0.9299880862236023,0.20284917950630188,33.12978744506836,1.6181411743164062
posttrain,120,32,"TCROBOT, a consistent friendly square robot turning clockwise under difficult moving light, fixed identity",sample-artifact-not-published,f379a0116ef62f9445975b474b1d208cde7f4371e60adbba5236c83e2e1cdd01,5,0.22466127574443817,0.9219892024993896,0.20243918895721436,11.066131591796875,1.32977294921875
posttrain,120,33,"TCROBOT, a consistent friendly square robot sitting down under difficult moving light, fixed identity",sample-artifact-not-published,842588f38801e04ec648e36da0b8beb8e471b778555c075de9df56b05ffcd607,5,0.1975375860929489,0.9963122010231018,0.3050248622894287,0.33727264404296875,0.05406951904296875
posttrain,120,34,"TCROBOT, a consistent friendly square robot picking up a red cube under difficult moving light, fixed identity",sample-artifact-not-published,89d2b6c839ab4bd37c188b6a3b18504baf9e72f2a2e6056d58e956cc92bff3d0,5,0.3028077483177185,0.9026608467102051,0.21545735001564026,5.904899597167969,1.2473182678222656
posttrain,120,35,"TCROBOT, a consistent friendly triangular robot moving left to right with an unseen accessory, fixed identity",sample-artifact-not-published,6fca77125b07b14a4eb5cdff090b5509aa980ee277688cfa7a1192c7096590a6,5,0.37261977791786194,0.9992325305938721,0.21936078369617462,0.052486419677734375,0.008358001708984375
posttrain,120,36,"TCROBOT, a consistent friendly triangular robot waving one arm with an unseen accessory, fixed identity",sample-artifact-not-published,e174a7d75035c24a93403ec390771801964e99659754392908d2c8c3f674fbd0,5,0.2154674082994461,0.9916760921478271,0.28195127844810486,0.8831863403320312,0.0265960693359375
posttrain,120,37,"TCROBOT, a consistent friendly triangular robot turning clockwise with an unseen accessory, fixed identity",sample-artifact-not-published,3414fc7d5b6f4211d56a9c8a3805e431059fb76cab77751cfecc5bcc29e860b6,5,0.25193914771080017,0.9139842391014099,0.25886282324790955,1.7734413146972656,0.1024932861328125
posttrain,120,38,"TCROBOT, a consistent friendly triangular robot sitting down with an unseen accessory, fixed identity",sample-artifact-not-published,706f09f81a33ce4e4ec81f1105393ba6366114571b0e2756d908a8a380409079,5,0.22047682106494904,0.9987614154815674,0.26981955766677856,0.198089599609375,0.0144195556640625
posttrain,120,39,"TCROBOT, a consistent friendly triangular robot picking up a red cube with an unseen accessory, fixed identity",sample-artifact-not-published,97ac0a27d0a1c3aa3b4e60f7559af4c06628396b999c25cd2f0b3f48d566794b,5,0.27972182631492615,0.9185823202133179,0.33042678236961365,5.384521484375,0.6388664245605469
posttrain,120,40,"TCROBOT, a consistent friendly geometric robot moving left to right against an unseen abstract background, fixed identity",sample-artifact-not-published,f9cbba2f3d9dda4e3dabfe18caeb3b33570c3e0f143bcd13aa553c6e98c2fc96,5,0.28075629472732544,0.8458167314529419,0.2530052363872528,1.9979667663574219,0.2840156555175781
posttrain,120,41,"TCROBOT, a consistent friendly geometric robot waving one arm against an unseen abstract background, fixed identity",sample-artifact-not-published,73565e793fec7b6d2474de301a788b556a801021bee0301562982f1995978634,5,0.24680905044078827,0.9776475429534912,0.20787063241004944,6.274169921875,0.30290985107421875
posttrain,120,42,"TCROBOT, a consistent friendly geometric robot turning clockwise against an unseen abstract background, fixed identity",sample-artifact-not-published,f9012c1c1622a00190a679623dda39f9956a9560a1b95f55e5930e578f2566ae,5,0.2560614049434662,0.9034208655357361,0.25115513801574707,3.7686386108398438,0.3864593505859375
posttrain,120,43,"TCROBOT, a consistent friendly geometric robot sitting down against an unseen abstract background, fixed identity",sample-artifact-not-published,c07bdb4404a53f2c493eee706bdfbdad15ce89550d4baa0698cfbad97c1f706d,5,0.28625738620758057,0.9683018326759338,0.2444617599248886,3.1063232421875,0.055431365966796875
posttrain,120,44,"TCROBOT, a consistent friendly geometric robot picking up a red cube against an unseen abstract background, fixed identity",sample-artifact-not-published,d6689a709cff84bf40a994e885718cb64b5c91e98e7a677333c9172384f38569,5,0.33008918166160583,0.9148786664009094,0.274666428565979,1.2481307983398438,0.3931465148925781
posttrain,120,45,"TCROBOT, a consistent friendly circle robot moving left to right while the camera slowly orbits, fixed identity",sample-artifact-not-published,b3040ebc07517aa3ff1af1252c90f393b49a2ab300fe8a732a20d1594a61e1c8,5,0.22337928414344788,0.9712185859680176,0.2531992793083191,4.101604461669922,0.3542137145996094
posttrain,120,46,"TCROBOT, a consistent friendly circle robot waving one arm while the camera slowly orbits, fixed identity",sample-artifact-not-published,f8b843d7e501cf6d9ac23d03d5c9c380a851ad963b13f1726a4eced30a271c8a,5,0.1954566389322281,0.9539307355880737,0.25913235545158386,4.257434844970703,0.16746902465820312
posttrain,120,47,"TCROBOT, a consistent friendly circle robot turning clockwise while the camera slowly orbits, fixed identity",sample-artifact-not-published,442d93128238a4769f3caa3dc91193e47e3a4736f763ab0c5365e10fe11a83bd,5,0.1684962660074234,0.9066393375396729,0.25278204679489136,11.727134704589844,0.6657562255859375
posttrain,120,48,"TCROBOT, a consistent friendly circle robot sitting down while the camera slowly orbits, fixed identity",sample-artifact-not-published,2aa1f38e0b78765375e2130edafd88797114297f5d88f5ae6bd116e098f46de7,5,0.263715535402298,0.9423775672912598,0.23521597683429718,2.7813987731933594,0.10438919067382812
posttrain,120,49,"TCROBOT, a consistent friendly circle robot picking up a red cube while the camera slowly orbits, fixed identity",sample-artifact-not-published,0b47bee20060688e4e1d3e7c3507eecb05c9a3b41ce4b08b13dd31c5e240f05f,5,0.31356796622276306,0.8462775349617004,0.28475433588027954,3.399944305419922,0.19628143310546875
