phase,step,prompt_index,prompt,file,sha256,frames_sampled,identity_dino_cosine,temporal_dino_cosine,prompt_action_clip_cosine,action_expected,action_predicted,action_success,optical_warp_mae,brightness_drift
baseline,0,0,"a real-world video of cooking, stable subject identity and natural temporal motion, natural documentary footage",generated://step_000000_prompt_00.mp4,2fc24e255e366fe69ab3a985cf0a78fadea97cc72c4bc753d24c9556b87b3b44,5,0.23019185662269592,0.7860004305839539,0.2718118131160736,cooking,cooking,1,12.946975231170654,3.4749520931603826
baseline,0,1,"a real-world video of cooking, stable subject identity and natural temporal motion, steady medium shot",generated://step_000000_prompt_01.mp4,eaf6bcc4e1cf4fcecec12ab069e83d370a01c67f00a58edbe4688a94dd97b69e,5,0.07925617694854736,0.9907257556915283,0.27306923270225525,cooking,cooking,1,2.166753262281418,0.2234430277122641
baseline,0,2,"a real-world video of cooking, stable subject identity and natural temporal motion, clear real-world action",generated://step_000000_prompt_02.mp4,9d302b4736929d0c8af0b6187217c95fca71a8feb8cfcebd7282963e6cda6cb2,5,0.3508880138397217,0.7351993322372437,0.27370697259902954,cooking,cooking,1,11.239903211593628,3.055509900746852
baseline,0,3,"a real-world video of cycling, stable subject identity and natural temporal motion, natural documentary footage",generated://step_000000_prompt_03.mp4,a27ba899b78d162da83600a59188b7b72169a5cf9e4b503a40ff9537e7648730,5,0.2321215718984604,0.9534342885017395,0.3060682415962219,cycling,cycling,1,12.564215898513794,0.7716354658018858
baseline,0,4,"a real-world video of cycling, stable subject identity and natural temporal motion, steady medium shot",generated://step_000000_prompt_04.mp4,71c1d7f678585e4b8546ff83bffdc40880d4b8cdadfeec348daf91931a4fdf7e,5,0.19057761132717133,0.9713725447654724,0.30942997336387634,cycling,cycling,1,10.344601154327393,0.750095199488996
baseline,0,5,"a real-world video of cycling, stable subject identity and natural temporal motion, clear real-world action",generated://step_000000_prompt_05.mp4,0c858c22531244dd1b85db5a885ce4d3efc82120a0a49c8fbb38d626e00d7d27,5,0.2310781478881836,0.9725916981697083,0.3010577857494354,cycling,cycling,1,14.86939001083374,2.0695951257861616
baseline,0,6,"a real-world video of juggling, stable subject identity and natural temporal motion, natural documentary footage",generated://step_000000_prompt_06.mp4,1fcfa7a3ea3021d043b200549aba614429398a6893936635916bd8611ed5a2ac,5,0.15473313629627228,0.8174410462379456,0.30176395177841187,juggling,juggling,1,15.179898500442505,0.6342669025157228
baseline,0,7,"a real-world video of juggling, stable subject identity and natural temporal motion, steady medium shot",generated://step_000000_prompt_07.mp4,7f8745d4549c9157f718b42f427013e62a5ad9d98bb0c9248e8ca086e01944a2,5,0.12293057888746262,0.7777517437934875,0.3174789845943451,juggling,juggling,1,19.28035259246826,1.5379594143081796
baseline,0,8,"a real-world video of juggling, stable subject identity and natural temporal motion, clear real-world action",generated://step_000000_prompt_08.mp4,f4b0fbf5550bbe118750e60119e6bf7d68d13303825b2ee330650882ab3fa326,5,0.08364534378051758,0.8326177000999451,0.2953276038169861,juggling,juggling,1,16.58433723449707,0.6293957596304978
baseline,0,9,"a real-world video of walking, stable subject identity and natural temporal motion, natural documentary footage",generated://step_000000_prompt_09.mp4,7e17a243eee9e2791dc0d3f7437fe15a242960203c2a94dd4a14b61cf4918d5c,5,0.21774272620677948,0.9007681608200073,0.2341574728488922,walking,walking,1,20.687936305999756,2.1526852397798706
baseline,0,10,"a real-world video of walking, stable subject identity and natural temporal motion, steady medium shot",generated://step_000000_prompt_10.mp4,0fbbdb5e91f2df6827afad9997e4743598268043dacd9e53047c8061a6e6e4fd,5,0.12082605808973312,0.9166703820228577,0.28852540254592896,walking,walking,1,20.590675830841064,0.8512928704795577
baseline,0,11,"a real-world video of walking, stable subject identity and natural temporal motion, clear real-world action",generated://step_000000_prompt_11.mp4,0430484d7d83fa504d8a15dc80f3f938ca294a36f265c4411feab9cad79d70d6,5,0.17631562054157257,0.9321078658103943,0.26648542284965515,walking,walking,1,16.490490436553955,1.0568734031053424
posttrain,20,0,"a real-world video of cooking, stable subject identity and natural temporal motion, natural documentary footage",generated://step_000020_prompt_00.mp4,92aa4a288fa1c49cf90d4cfbb17edac9a1cb9ea456f2a77f0c84c52f66037c77,5,0.19363056123256683,0.9121127724647522,0.29635533690452576,cooking,cooking,1,4.940231263637543,2.471169295400948
posttrain,20,1,"a real-world video of cooking, stable subject identity and natural temporal motion, steady medium shot",generated://step_000020_prompt_01.mp4,e2b28b5c1d0d41be2b615d2ae723ba59ebe1eb195e1703a5df5b61c93c09776f,5,0.17610935866832733,0.9272242784500122,0.2883478105068207,cooking,cooking,1,2.3441012799739838,0.6956908411949705
posttrain,20,2,"a real-world video of cooking, stable subject identity and natural temporal motion, clear real-world action",generated://step_000020_prompt_02.mp4,c6670e81a6f7cbb8741046897b1748f5db54e490527f9eafdd41b563a3196669,5,0.2360765039920807,0.7922892570495605,0.2809223234653473,cooking,cooking,1,7.80165696144104,2.848010023584905
posttrain,20,3,"a real-world video of cycling, stable subject identity and natural temporal motion, natural documentary footage",generated://step_000020_prompt_03.mp4,c1220838a2817f200dd91814ec9081bdab71dc8e96382f2ba4010aff5f379746,5,0.1788032054901123,0.9444453120231628,0.20826268196105957,cycling,cycling,1,23.950814247131348,2.7272970715408817
posttrain,20,4,"a real-world video of cycling, stable subject identity and natural temporal motion, steady medium shot",generated://step_000020_prompt_04.mp4,7cb037d3d817f217992dde57901d762b6bd4c1320de1390019801ade6f08ae33,5,0.3227994441986084,0.9523743391036987,0.306225061416626,cycling,cycling,1,17.6401629447937,1.6498065300707516
posttrain,20,5,"a real-world video of cycling, stable subject identity and natural temporal motion, clear real-world action",generated://step_000020_prompt_05.mp4,a6b8aa93a57d7443901496da03c13587b9eeff724c5e0fc1f30511f89e57e784,5,0.23074138164520264,0.888870358467102,0.2296178787946701,cycling,cycling,1,25.218786239624023,4.907794074292454
posttrain,20,6,"a real-world video of juggling, stable subject identity and natural temporal motion, natural documentary footage",generated://step_000020_prompt_06.mp4,0c14853c6781efa000cdbf661b6fb0efe7b8dadb4446f40f448451ddf7e3f09a,5,0.16004067659378052,0.7852773666381836,0.28601911664009094,juggling,juggling,1,16.940654754638672,1.329380404874211
posttrain,20,7,"a real-world video of juggling, stable subject identity and natural temporal motion, steady medium shot",generated://step_000020_prompt_07.mp4,9213dd64ffb5d22fe4ff6d7a121d6e3cae159479a914f35ab6877ad5a906cee2,5,0.13856510818004608,0.7660133838653564,0.29509714245796204,juggling,juggling,1,11.883424043655396,0.41073113207546896
posttrain,20,8,"a real-world video of juggling, stable subject identity and natural temporal motion, clear real-world action",generated://step_000020_prompt_08.mp4,405bed57267ac7c9aca42f0db8568a9f0017c756729dfc59a84509c99a2cc61d,5,0.17322619259357452,0.80201256275177,0.24484479427337646,juggling,juggling,1,13.477202415466309,0.7623065300707559
posttrain,20,9,"a real-world video of walking, stable subject identity and natural temporal motion, natural documentary footage",generated://step_000020_prompt_09.mp4,d16b05ad3230d19eb3be13d7aee19cd8ed93d7a46c042e0d7f6a47384045e963,5,0.29730603098869324,0.899928629398346,0.2610417902469635,walking,walking,1,16.535867929458618,1.315500319378934
posttrain,20,10,"a real-world video of walking, stable subject identity and natural temporal motion, steady medium shot",generated://step_000020_prompt_10.mp4,5b66317842f0e9e956d536bb4b46739457e91749e186816beb25718dee117a10,5,0.24914014339447021,0.8443395495414734,0.2824886739253998,walking,walking,1,15.996849060058594,1.5630558421776755
posttrain,20,11,"a real-world video of walking, stable subject identity and natural temporal motion, clear real-world action",generated://step_000020_prompt_11.mp4,f086b05b6a9a2ccabe85f2efe0caaae9bd318f529e1b79dffa4223a09cbdea2d,5,0.2737525403499603,0.857072114944458,0.2560519278049469,walking,walking,1,13.385801315307617,1.029852717177672
